{"0": {"ne01": {"c_type": "named_entity", "own": {"9": 13.4375, "10": 14.8125, "13": 14.375, "14": 16.125, "15": 16.125, "16": 13.5, "30": 16.0, "31": 24.375, "32": 23.75, "33": 21.625, "34": 12.125}, "foreign": {}, "c_in_cot": true}, "ne02": {"c_type": "named_entity", "own": {"6": 15.75, "7": 17.25, "8": 20.125, "9": 22.75, "10": 31.875, "11": 33.5, "12": 37.5, "13": 34.0, "14": 34.0, "15": 34.5, "16": 32.5, "17": 27.75, "18": 26.75, "19": 19.625, "20": 18.375, "21": 14.8125, "22": 6.1875, "23": 9.1875, "24": 12.0625, "25": 10.5625, "26": 18.5, "27": 25.5, "28": 35.25, "29": 41.5, "30": 47.25, "31": 59.0, "32": 63.25, "33": 59.25, "34": 49.25}, "foreign": {"15": 14.375, "16": 13.0, "28": 13.0, "29": 14.75, "30": 16.5, "31": 20.5, "33": 21.5, "34": 13.1875}, "c_in_cot": true}, "ne03": {"c_type": "named_entity", "own": {"10": 26.125, "11": 22.75, "12": 26.75, "13": 26.125, "14": 24.5, "15": 23.875, "16": 24.625, "17": 21.875, "18": 16.0, "23": 6.21875, "24": 10.9375, "25": 10.1875, "26": 12.1875, "27": 13.75, "28": 20.625, "29": 25.5, "30": 33.5, "31": 50.25, "32": 44.5, "33": 35.75, "34": 28.375}, "foreign": {"12": 21.75, "13": 19.0, "14": 18.0, "15": 18.5}, "c_in_cot": true}, "ne04": {"c_type": "named_entity", "own": {"5": 13.5625, "6": 13.8125, "7": 17.5, "8": 20.25, "9": 20.25, "10": 26.125, "11": 26.125, "12": 28.125, "13": 27.625, "14": 28.125, "15": 28.375, "16": 27.75, "17": 24.125, "18": 22.25, "19": 12.6875, "23": 4.1875, "24": 10.5625, "25": 10.25, "26": 16.75, "27": 19.75, "28": 26.875, "29": 23.0, "30": 28.75, "31": 35.5, "32": 37.0, "33": 35.0, "34": 27.5}, "foreign": {}, "c_in_cot": true}, "ne05": {"c_type": "named_entity", "own": {"10": 17.125, "15": 19.375, "24": 5.3125, "25": 5.0, "26": 7.46875, "27": 8.9375, "28": 11.875, "29": 18.375, "30": 17.75, "31": 24.125, "32": 20.0, "33": 18.375, "34": 12.875}, "foreign": {}, "c_in_cot": true}, "ne06": {"c_type": "named_entity", "own": {}, "foreign": {}, "c_in_cot": true}, "ne07": {"c_type": "named_entity", "own": {}, "foreign": {}, "c_in_cot": true}, "ne08": {"c_type": "named_entity", "own": {"26": 9.4375, "27": 11.0, "28": 16.5, "29": 20.25, "30": 19.625, "31": 25.125, "32": 23.0, "33": 20.5, "34": 13.8125}, "foreign": {}, "c_in_cot": true}, "ne09": {"c_type": "named_entity", "own": {"10": 14.25, "12": 17.25, "13": 18.875, "14": 18.875, "15": 18.625}, "foreign": {}, "c_in_cot": true}, "ne10": {"c_type": "named_entity", "own": {"9": 12.1875, "10": 19.0, "11": 17.0, "12": 19.625, "13": 19.0, "14": 21.875, "15": 22.125, "16": 22.25, "17": 20.375, "18": 19.75, "19": 20.125, "24": 10.25, "26": 9.3125, "27": 8.875, "28": 11.25, "29": 16.25, "30": 20.875, "31": 32.5, "32": 28.375, "33": 23.875, "34": 18.875}, "foreign": {}, "c_in_cot": true}, "se01": {"c_type": "semantic", "own": {"31": 13.4375, "32": 18.125, "33": 20.5}, "foreign": {"28": 5.75, "29": 6.8125, "30": 10.25, "31": 14.75}, "c_in_cot": true}, "se02": {"c_type": "semantic", "own": {"24": 10.625, "25": 10.875, "26": 16.375, "27": 19.25, "28": 20.0, "29": 27.0, "30": 25.75, "31": 29.25, "32": 25.875, "33": 22.75}, "foreign": {}, "c_in_cot": true}, "se03": {"c_type": "semantic", "own": {}, "foreign": {}, "c_in_cot": true}, "se04": {"c_type": "semantic", "own": {}, "foreign": {}, "c_in_cot": true}, "se05": {"c_type": "semantic", "own": {"11": 11.5625, "12": 13.4375, "13": 13.0625, "28": 7.78125, "29": 10.3125, "30": 20.5, "31": 23.125, "32": 20.625, "33": 20.625, "34": 14.75}, "foreign": {}, "c_in_cot": true}, "se06": {"c_type": "semantic", "own": {}, "foreign": {}, "c_in_cot": true}, "se07": {"c_type": "semantic", "own": {}, "foreign": {}, "c_in_cot": true}, "se08": {"c_type": "semantic", "own": {}, "foreign": {}, "c_in_cot": true}, "se09": {"c_type": "semantic", "own": {"26": 18.375, "27": 22.25, "28": 24.125, "29": 30.125, "30": 39.25, "31": 46.25, "32": 53.0, "33": 65.0, "34": 49.75}, "foreign": {}, "c_in_cot": true}, "se10": {"c_type": "semantic", "own": {}, "foreign": {}, "c_in_cot": true}, "nu01": {"c_type": "numeric", "own": {}, "foreign": {}, "c_in_cot": true}, "nu02": {"c_type": "numeric", "own": {}, "foreign": {}, "c_in_cot": true}, "nu03": {"c_type": "numeric", "own": {}, "foreign": {}, "c_in_cot": true}, "nu04": {"c_type": "numeric", "own": {}, "foreign": {}, "c_in_cot": true}, "nu05": {"c_type": "numeric", "own": {}, "foreign": {}, "c_in_cot": true}, "nu06": {"c_type": "numeric", "own": {}, "foreign": {"31": 13.6875, "32": 14.125}, "c_in_cot": true}, "nu07": {"c_type": "numeric", "own": {}, "foreign": {}, "c_in_cot": true}, "nu08": {"c_type": "numeric", "own": {}, "foreign": {"34": 8.6875}, "c_in_cot": true}, "nu09": {"c_type": "numeric", "own": {"30": 7.96875, "31": 14.0, "32": 28.5, "33": 29.125, "34": 24.375}, "foreign": {"33": 10.1875, "34": 8.1875}, "c_in_cot": true}, "nu10": {"c_type": "numeric", "own": {}, "foreign": {}, "c_in_cot": true}}, "6": {"ne01": {"c_type": "named_entity", "own": {"11": 16.5, "23": 7.59375, "24": 17.375, "25": 15.3125, "26": 19.75, "27": 22.5, "28": 28.25, "29": 25.375, "30": 31.25, "31": 28.25, "32": 30.125, "33": 29.375, "34": 18.125}, "foreign": {}, "c_in_cot": false}, "ne02": {"c_type": "named_entity", "own": {"1": 8.9375, "2": 13.3125, "5": 11.75, "6": 11.125, "7": 12.5625, "8": 18.25, "9": 21.875, "10": 36.0, "11": 29.0, "12": 39.25, "13": 36.75, "14": 34.25, "15": 34.25, "16": 25.5, "17": 20.375, "18": 21.75, "19": 14.9375, "20": 13.75, "21": 14.4375, "23": 9.75, "24": 13.375, "25": 13.875, "26": 20.75, "27": 32.0, "28": 40.0, "29": 48.5, "30": 52.5, "31": 50.25, "32": 61.0, "33": 46.5, "34": 35.0}, "foreign": {"29": 8.8125}, "c_in_cot": false}, "ne03": {"c_type": "named_entity", "own": {"8": 16.625, "9": 18.5, "10": 25.25, "11": 23.625, "12": 26.875, "13": 26.375, "14": 27.25, "15": 26.375, "16": 26.0, "17": 22.5, "18": 20.875, "19": 16.875, "20": 9.125, "21": 6.78125, "22": 8.1875, "23": 10.0, "24": 12.0, "25": 13.4375, "26": 14.875, "27": 16.125, "28": 17.25, "29": 17.375, "30": 26.875, "31": 40.0, "32": 33.75, "33": 23.75, "34": 19.0}, "foreign": {}, "c_in_cot": false}, "ne04": {"c_type": "named_entity", "own": {"10": 16.5, "11": 15.9375, "12": 20.875, "13": 21.125, "14": 23.875, "15": 22.375, "16": 24.375, "17": 17.75, "18": 12.75, "24": 11.0625, "25": 10.9375, "26": 21.75, "27": 21.625, "28": 22.25, "29": 24.25, "30": 32.25, "31": 36.5, "32": 30.875, "33": 28.0, "34": 15.875}, "foreign": {"13": 15.3125, "14": 16.5}, "c_in_cot": false}, "ne05": {"c_type": "named_entity", "own": {"29": 10.5, "30": 14.9375, "31": 27.125, "32": 25.125, "33": 24.0, "34": 14.0625}, "foreign": {}, "c_in_cot": false}, "ne06": {"c_type": "named_entity", "own": {}, "foreign": {}, "c_in_cot": false}, "ne07": {"c_type": "named_entity", "own": {"25": 6.96875, "26": 11.9375, "27": 13.75, "28": 16.125, "29": 17.625, "30": 19.75, "31": 17.375}, "foreign": {}, "c_in_cot": false}, "ne08": {"c_type": "named_entity", "own": {"10": 13.375, "12": 17.75, "13": 16.875, "14": 18.625, "15": 17.625, "16": 16.375, "17": 14.625, "18": 12.1875, "19": 10.5625, "20": 12.9375, "21": 7.5625, "23": 11.5, "24": 10.5, "25": 8.4375, "26": 12.1875, "27": 13.1875, "28": 17.875, "29": 15.6875, "30": 25.25, "31": 44.25, "32": 32.25, "33": 28.25, "34": 21.5}, "foreign": {}, "c_in_cot": false}, "ne09": {"c_type": "named_entity", "own": {"10": 17.375, "11": 15.1875, "12": 19.375, "13": 21.25, "14": 20.875, "15": 20.375, "16": 15.875, "17": 11.5, "18": 8.3125, "23": 8.0625, "24": 8.8125, "25": 10.25, "26": 10.125, "27": 13.75, "28": 10.5, "29": 16.875, "30": 24.625, "31": 33.0, "32": 25.875}, "foreign": {}, "c_in_cot": false}, "ne10": {"c_type": "named_entity", "own": {"9": 13.9375, "10": 18.875, "11": 16.375, "12": 21.125, "13": 22.25, "14": 26.0, "15": 26.75, "16": 28.125, "17": 25.125, "18": 24.5, "19": 23.0, "20": 23.375, "21": 20.75, "22": 9.625, "23": 15.125, "24": 14.8125, "25": 13.375, "26": 10.8125, "27": 10.25, "28": 10.5, "29": 20.25, "30": 21.375, "31": 24.375, "32": 21.125, "33": 18.0, "34": 15.5}, "foreign": {},